FID,LAD23CD,LAD23NM,LAD23NMW,BNG_E,BNG_N,LONG,LAT,Shape__Area,Shape__Length,GlobalID
1,E06000001,Hartlepool, ,447160,531474,-1.27018,54.67614,93717028.4689178,70995.1737762769,96097790-e4d1-4200-8ce7-17de53d58fca
2,E06000002,Middlesbrough, ,451141,516887,-1.21099,54.54467,53881558.2759247,44479.6463704945,43ccae4f-588f-4f71-b28f-905ae3e9426a
3,E06000003,Redcar and Cleveland, ,464361,519597,-1.00608,54.56752,245069510.006897,96703.5106544218,c215a44f-108d-4394-bb75-b3ffc6c6e9d1
4,E06000004,Stockton-on-Tees, ,444940,518183,-1.30664,54.55691,204932934.937302,123404.959102325,068e44f0-67d0-4abe-bd0b-db83d71967c0
5,E06000005,Darlington, ,428029,515648,-1.56835,54.53534,197477753.555023,107202.299425244,d70fe212-e702-4186-a861-e4d9f80395f8
6,E06000006,Halton, ,354246,382146,-2.68853,53.33424,79084021.970459,77769.8366156168,9c524b4d-f04c-48f6-9873-d5258d7b8550
7,E06000007,Warrington, ,362744,388456,-2.56167,53.39163,180627983.012016,114688.093563908,5cd3db06-fd53-4cc3-abcd-ffadc94cc1ef
8,E06000008,Blackburn with Darwen, ,369490,422806,-2.4636,53.7008,137022093.525848,65284.3735150369,374f4658-2450-41bb-818b-05af4ae4c73d
9,E06000009,Blackpool, ,332819,436635,-3.02199,53.82164,34870852.2283325,34480.7839275111,3149423e-4c41-46fe-acc2-863e005ac954
10,E06000010,"Kingston upon Hull, City of", ,511894,431650,-0.30382,53.7692,71583595.6552734,64680.530906749,6b511089-acd7-444c-bc55-4d5f7bfa69fc
11,E06000011,East Riding of Yorkshire, ,488056,443597,-0.66195,53.88112,2404768954.86182,504120.094305933,d1ed2f45-1dda-42f2-9c9c-9c8f4523a6dd
12,E06000012,North East Lincolnshire, ,523465,404564,-0.13911,53.52327,192622985.584915,93246.2876540841,fac2a6e8-6de7-4f39-8332-1869758bed9f
13,E06000013,North Lincolnshire, ,497800,410993,-0.52407,53.58643,846540125.376923,244546.761114545,7ae46079-9488-4fac-9c16-0bad5ca1e61a
14,E06000014,York, ,460864,452589,-1.07375,53.96582,271931454.715424,102020.797435209,3b6490bb-8984-48d0-a808-5d34fe2cd4f0
15,E06000015,Derby, ,435609,335375,-1.47189,52.91464,78031107.3557892,50036.3185804889,78c81c7f-bc29-450e-83be-e3ded09c14ba
16,E06000016,Leicester, ,458946,304594,-1.1304,52.63592,73342034.1657257,51929.4942082033,9793d6ad-31ed-4f99-95b2-3eeddde17a53
17,E06000017,Rutland, ,492992,308655,-0.6263,52.66765,393748938.333481,125879.320087916,c90c7eca-a633-4b54-8f79-fd0032313fb7
18,E06000018,Nottingham, ,456082,339969,-1.16667,52.95419,74613549.3099365,58723.7427401093,bba341ff-a490-4f1c-8915-668001b60cee
19,E06000019,"Herefordshire, County of", ,349434,242834,-2.73931,52.08154,2179708317.85796,349869.988254535,4272bed1-7b7a-4ebe-892c-44fc72b746d3
20,E06000020,Telford and Wrekin, ,367035,313057,-2.48941,52.71417,290313536.554543,118775.749483715,1e9f50de-c5bd-4041-bcb8-563ab41876ce
21,E06000021,Stoke-on-Trent, ,389438,346652,-2.15888,53.01707,93448551.6496658,63971.3417170554,db8b9fb0-6757-4590-9e27-85897529f973
22,E06000022,Bath and North East Somerset, ,366217,161999,-2.48654,51.35604,351123167.510914,141674.070852301,b0af9316-6123-4a4d-8a00-f72b20439777
23,E06000023,"Bristol, City of", ,359990,174846,-2.57742,51.47115,109666892.551918,109531.617064517,c8520ad8-734a-4900-8f74-204f08781272
24,E06000024,North Somerset, ,347614,166718,-2.75438,51.39706,374637219.77409,154748.225043695,92649a3e-23fa-44ad-828d-7f4875613fe3
25,E06000025,South Gloucestershire, ,367559,183198,-2.46922,51.54673,497050998.431568,143098.847233425,b58c6fa3-e778-428d-99ee-f5152e4abb2f
26,E06000026,Plymouth, ,249945,58255,-4.11297,50.40494,79849695.3191061,92644.2442555715,c4039ef6-02bd-4a2a-a178-e390df421ac7
27,E06000027,Torbay, ,289730,64613,-3.55523,50.47092,62886738.7989531,77909.5315513595,65fd5a19-3cef-4476-ad5c-f9fd7e26c400
28,E06000030,Swindon, ,418551,186564,-1.73367,51.57763,230093343.90052,103011.758683882,cfb29ee9-fc38-450f-bad3-8a4fb65eac69
29,E06000031,Peterborough, ,517372,300777,-0.26874,52.59214,343378153.586609,112674.360200151,aa887c48-61ad-42ba-9c1d-f0a8d2150c7e
30,E06000032,Luton, ,508606,222559,-0.42319,51.89102,43352485.6740799,34569.1847138739,e6a97ede-bcff-4f5b-984e-b1a00c825baf
31,E06000033,Southend-on-Sea, ,587777,186837,0.706923,51.54917,41673985.9965286,57782.8327652349,183a9ebe-1792-4d5d-a7fb-547b6a993082
32,E06000034,Thurrock, ,562123,181590,0.334861,51.50998,163837060.033562,115990.648083053,6bad6447-0fb8-47c3-89dc-ba5296a01d31
33,E06000035,Medway, ,578207,175198,0.563174,51.44772,193714231.427971,249506.667701656,39dc3921-9f1f-46a5-8f0f-f6969df76eb3
34,E06000036,Bracknell Forest, ,488169,168792,-0.73363,51.4113,109384217.921951,62507.6688894678,bb83b7c9-b6e2-4d88-b6dc-754ac7fbca3a
35,E06000037,West Berkshire, ,450575,172095,-1.27364,51.44559,704182731.436508,166818.256909513,a8c1417d-204d-4586-889c-8f59538aebff
36,E06000038,Reading, ,470226,173154,-0.99071,51.45302,40397937.1150055,39327.6361285706,ab19730f-8d6c-4a4c-81e0-40e588f20aa7
37,E06000039,Slough, ,498920,179246,-0.57617,51.5035,32542015.6781998,44179.9803340002,efba1563-9e7c-4cd4-8c1c-23c42be2a2ed
38,E06000040,Windsor and Maidenhead, ,492079,176541,-0.67541,51.48034,198427158.641678,114827.85425453,bcf09708-8dc1-437d-84f1-a628de896fbb
39,E06000041,Wokingham, ,476624,169902,-0.89935,51.42296,178969062.886101,86869.6892364658,4a8c4ac0-7eb4-4697-8f4e-ac1988ab1c85
40,E06000042,Milton Keynes, ,486408,242308,-0.7407,52.07241,308626721.690674,102957.957280917,89dcef62-78cd-4b28-af49-5a3ff104e51f
41,E06000043,Brighton and Hove, ,530279,106850,-0.15079,50.8465,82832986.3240891,59517.9984461413,12e709b2-bb04-4169-96db-1f48ed704eff
42,E06000044,Portsmouth, ,465619,101352,-1.07006,50.808,40381702.3692169,62708.2022736547,1b1532ac-0838-443e-9edf-b5a13c1caf63
43,E06000045,Southampton, ,442303,113700,-1.39952,50.9212,49880631.5834122,61542.7955829543,069c5e58-762e-41ea-9964-27e8c32f08b3
44,E06000046,Isle of Wight, ,447183,85949,-1.33366,50.67129,379620110.286783,210137.73230538,a3d3485e-7d46-4550-869b-5929c0613e08
45,E06000047,County Durham, ,410381,532242,-1.8405,54.68513,2231432414.12584,315226.483631744,f0f5ceb8-6adc-4bd0-bc78-70241c36e2f2
46,E06000049,Cheshire East, ,380510,363462,-2.29299,53.16793,1166357340.22478,301202.123887001,6df83eeb-e0b6-4501-bcbd-7f177f47b7bc
47,E06000050,Cheshire West and Chester, ,353097,363145,-2.70298,53.16336,920018024.621178,335602.059504914,8daa2e4c-c7e1-4ef1-b01c-484a0338cd57
48,E06000051,Shropshire, ,350227,302960,-2.73667,52.62212,3197275322.15964,580599.506306279,144253f4-0b51-40ee-a3e8-8bfbcec8cb7c
49,E06000052,Cornwall, ,212497,64493,-4.64254,50.45022,3548939126.92263,1241696.51353641,82356ac2-dc18-439a-8c9a-cd2746be1c45
50,E06000053,Isles of Scilly, ,91327,11447,-6.30217,49.92332,16317752.1032921,117979.163844593,9d80c63e-9163-44e8-ac17-7e4cc8b35980
51,E06000054,Wiltshire, ,405209,158863,-1.92661,51.32883,3255338105.52649,401997.073738198,cacbb349-8f25-4ad8-992b-8728578daaa8
52,E06000055,Bedford, ,505721,256463,-0.45463,52.19628,476408313.581512,131719.277394327,e0b4b58d-03cd-459d-8195-9b82d3c50b27
53,E06000056,Central Bedfordshire, ,504615,234492,-0.47754,51.99903,715665436.200249,232685.180099795,11627f65-7327-4e51-b910-883dcec99c27
54,E06000057,Northumberland, ,395322,600700,-2.07523,55.30038,5032312670.59779,606236.97163611,0d108dd0-ae9b-45c3-8e73-87cbe8ebfcd3
55,E06000058,"Bournemouth, Christchurch and Poole", ,410815,94066,-1.84807,50.74609,162070069.443581,169170.190930922,c27567f1-d493-46b9-b2cf-160f409f2696
56,E06000059,Dorset, ,370871,99796,-2.41467,50.79697,2490956549.68954,594350.704732187,8bbed199-44af-492f-bf42-7662c7c7a7eb
57,E06000060,Buckinghamshire, ,482506,208561,-0.80569,51.76966,1564937984.73737,361907.474854908,2c2d7fb6-3363-401d-85c0-b4b51402cb84
58,E06000061,North Northamptonshire, ,493590,281718,-0.62504,52.42546,986594539.219704,210624.116197611,e89fd71c-16df-4b06-90dc-e9f5987c66ee
59,E06000062,West Northamptonshire, ,467187,263879,-1.01682,52.26898,1380395590.74594,263780.515769498,e2f6c872-3bc7-41ef-8f64-6c13d25e5d2f
60,E06000063,Cumberland, ,315777,533120,-3.30797,54.68606,3034239152.83876,697044.952349549,edad0ea5-8e2f-4d2b-a258-396b48a0d936
61,E06000064,Westmorland and Furness, ,353889,510941,-2.71336,54.4917,3789302933.94316,613564.117876997,6cce0dba-2255-4bde-beba-b5324455d288
62,E06000065,North Yorkshire, ,429509,466515,-1.55032,54.09371,8039971922.68248,872445.76137345,62e8d08c-f630-485d-9f3c-eb9a3ec3b81d
63,E06000066,Somerset, ,309295,131077,-3.29602,51.07182,3451778605.14865,544139.179603315,1e5f20ee-394f-4349-a889-269d23578946
64,E07000008,Cambridge, ,545420,257901,0.126436,52.20017,40698821.5531006,37169.1755199722,ae19a736-1073-44b4-8417-8164c93eb35d
65,E07000009,East Cambridgeshire, ,555576,275765,0.283149,52.35788,651285998.080215,234186.37804255,d87ed7d3-320e-48f1-8467-ad5f1cdf9740
66,E07000010,Fenland, ,536361,294959,0.009016,52.53544,546450116.18045,187880.713056672,3264860f-198a-4318-920b-3fecab1d5558
67,E07000011,Huntingdonshire, ,521008,274269,-0.2247,52.35315,912455230.935448,223334.105789929,7e7f395d-0afc-4d3c-83e4-8784cf9e9e50
68,E07000012,South Cambridgeshire, ,543295,247586,0.091017,52.10805,901624749.081009,257074.63199472,c28654a9-8478-4df5-b304-d33b1eb77f8d
69,E07000032,Amber Valley, ,436166,348084,-1.46219,53.02884,265437895.569733,109015.606044319,dd4aeda8-d42f-440d-93d0-2c4bf5f83e50
70,E07000033,Bolsover, ,448666,371548,-1.27228,53.23875,160334643.513474,96233.3664932635,2b8bbb47-f56c-4f00-8a30-f88e09de00a1
71,E07000034,Chesterfield, ,440049,373359,-1.40115,53.25575,66035323.1428528,52615.4706045034,d6cc03cc-84a1-4b20-8cd6-ac562069fd9a
72,E07000035,Derbyshire Dales, ,419697,358493,-1.70711,53.12326,795318009.745445,245455.056178363,d18c4e3f-c72f-4686-9c82-8d03b1b5b99c
73,E07000036,Erewash, ,443721,338063,-1.3509,52.9382,109630039.364151,73544.8394314227,0fa1a5de-a633-498e-8564-74b2bcde3d30
74,E07000037,High Peak, ,410474,387660,-1.84398,53.38569,540254001.172287,159628.494883945,aaf7ccce-bc8f-4554-85b9-f2460d27c7dc
75,E07000038,North East Derbyshire, ,437369,362955,-1.44253,53.16243,275623494.267426,161225.071207051,cd087ea6-9a98-40e9-92d3-1f0b3b8043e6
76,E07000039,South Derbyshire, ,431443,325363,-1.5348,52.8249,338126978.455208,166687.786160215,52b392fe-5d90-46ba-bb9b-5455469aecbd
77,E07000040,East Devon, ,313787,96051,-3.22364,50.75761,814238085.476988,219898.795348358,8f049445-856f-48d3-a48e-3abfc8a865ba
78,E07000041,Exeter, ,293239,92005,-3.51368,50.71782,47033060.6327896,50236.9824915719,17416cda-dce6-4c4a-8d6a-50469b09ed5f
79,E07000042,Mid Devon, ,288064,108911,-3.59212,50.86882,912900687.437094,246619.14811547,6454cb79-489f-4627-a5e8-b60c09c52c80
80,E07000043,North Devon, ,265110,132532,-3.92691,51.07621,1085892209.30062,321505.830252779,913de330-8484-46b5-aa83-2e0e47d2e716
81,E07000044,South Hams, ,270676,54036,-3.81996,50.37195,886546852.068371,478785.950013974,2097e785-d5a6-40a9-813d-0ac374abd9b9
82,E07000045,Teignbridge, ,283144,80205,-3.65289,50.60981,673759624.001635,191462.662144763,42448986-d6e5-4eec-aa14-89923ac2ac0e
83,E07000046,Torridge, ,244206,114334,-4.21728,50.90739,985260246.945179,316896.681147026,6f86008e-0973-4e6c-aa8e-d36a53c960e1
84,E07000047,West Devon, ,256376,86990,-4.03361,50.66481,1161110790.80115,254084.548041845,10850c43-2f10-4ab8-abc1-41c10987aaa6
85,E07000061,Eastbourne, ,559339,99575,0.258516,50.77387,44161445.7946434,38031.9095181751,71f70cfb-46ec-4183-bab3-38c4926d552d
86,E07000062,Hastings, ,581528,110694,0.578395,50.86724,29796100.2023735,34101.6320304622,bb32fe0d-cb85-464b-b173-2c57fc95ef40
87,E07000063,Lewes, ,541474,105686,0.007671,50.83341,292106824.947899,168355.61556881,f168c61b-2eb1-40ee-b0db-6ad8b62042be
88,E07000064,Rother, ,578721,119666,0.542937,50.94871,511753821.206711,180525.083767321,45e8091a-e8f1-45c1-8114-ce8d0bfe1883
89,E07000065,Wealden, ,555048,117180,0.205156,50.93322,834948480.554298,225861.743423267,1813bb0a-69f1-4cd0-8da1-533fb58597e8
90,E07000066,Basildon, ,571548,190848,0.475055,51.59036,110001020.082626,85629.1291694682,8857b57c-8131-4756-9969-06777398861a
91,E07000067,Braintree, ,577253,227335,0.575911,51.91634,611708022.086105,168682.860674143,d4be1c23-bab7-4e04-8302-432fdc95c6b1
92,E07000068,Brentwood, ,558560,196070,0.290091,51.64108,153124041.91967,72338.721114412,a12593a7-d2bd-42e0-b215-b6a3a6ceabb1
93,E07000069,Castle Point, ,579490,187920,0.588084,51.56159,44673535.2340317,163436.337062785,abeda397-79d3-4a86-8675-503c5f57e6c0
94,E07000070,Chelmsford, ,572116,206972,0.491177,51.73503,342227524.020721,126392.216101991,35e4e29b-b460-43ab-9bb6-35191aa26edd
95,E07000071,Colchester, ,596944,223693,0.859777,51.87702,332325207.727776,318166.221832059,007c93ec-c90f-4645-b9a3-3e7e6d1de1c6
96,E07000072,Epping Forest, ,548919,203759,0.154147,51.7128,338984118.261093,123269.197706998,f0150c60-f525-4cf9-9f12-42aadb45597b
97,E07000073,Harlow, ,545276,209589,0.103888,51.76614,30537927.558403,28513.3707443894,23ebab6d-e9bc-4a0a-b1db-bb1bec177ca4
98,E07000074,Maldon, ,591413,212072,0.773106,51.77458,357815646.392914,469755.638206894,83af3c07-0584-4399-8398-c9e5ad7f4498
99,E07000075,Rochford, ,585979,191417,0.683442,51.5909,167092773.086838,234542.198085804,a59c9c85-f126-4d36-8232-d239c15ba288
100,E07000076,Tendring, ,614190,222141,1.108981,51.85674,336324372.253998,442531.688695983,05e7a169-9057-41bc-8ce3-b269dd8b7e81
101,E07000077,Uttlesford, ,557832,228865,0.294485,51.93592,641182884.0028,166503.257259225,79fdb810-37e3-4956-aa04-102da7ac66c9
102,E07000078,Cheltenham, ,394925,222232,-2.07515,51.89861,46596063.962883,38220.6903355067,e70464df-0927-4e6e-9898-433a331a1c43
103,E07000079,Cotswold, ,402125,208209,-1.97059,51.77255,1164524434.81,332430.632142207,66dadb7a-a1aa-407d-8e8b-b8ab18192043
104,E07000080,Forest of Dean, ,367175,212759,-2.47755,51.81249,525902205.293377,190123.946392423,469da19a-a9ea-4850-ade0-556e27413363
105,E07000081,Gloucester, ,384071,216449,-2.23263,51.84641,40553067.1238632,33535.1384359469,132fe912-1e48-4fa3-8de3-066804c2ac7a
106,E07000082,Stroud, ,378807,202410,-2.30818,51.72001,460541932.840958,172776.05769481,5633d4da-9e86-4b57-b32e-7f4810e9fe97
107,E07000083,Tewkesbury, ,386347,226279,-2.19998,51.93485,414414331.620384,204816.828317149,c232264a-13c8-4b74-9260-bf65e063af9d
108,E07000084,Basingstoke and Deane, ,454508,151423,-1.22021,51.25937,633808768.307358,143445.561610085,c6f26221-de2d-457c-b3cb-18b0250081aa
109,E07000085,East Hampshire, ,474405,129237,-0.9397,51.05765,514427244.742657,144529.50155922,4f15b9a2-8cee-429b-8de2-a5fc65c3065e
110,E07000086,Eastleigh, ,447199,116807,-1.32947,50.94876,79691534.0207672,75969.3701259384,96f7643a-bc76-4410-88eb-9a12f6e38218
111,E07000087,Fareham, ,453774,106319,-1.23742,50.85388,74252568.8639069,66391.3182765974,c2c9a38b-e994-4e46-a2b5-657392621ae1
112,E07000088,Gosport, ,458769,101088,-1.16731,50.80636,25373863.5987015,40198.9526446878,0183e21b-7901-41fb-bbf7-f16195a0a099
113,E07000089,Hart, ,477985,154240,-0.88321,51.28197,215265062.888855,77846.4171414185,8288e3ac-bb52-4b10-849c-a1ecf9df1961
114,E07000090,Havant, ,470178,108564,-1.00398,50.87231,55740881.123436,115655.064843807,f7d2de18-5294-4c09-a6a7-efb95f116b03
115,E07000091,New Forest, ,428748,106521,-1.59293,50.85748,752175282.793148,332040.78546347,a461aedc-b5e8-48aa-a1ab-cb5182077f44
116,E07000092,Rushmoor, ,486022,153944,-0.76807,51.27815,39045031.351738,31890.6799933273,a3cb4f4a-a3c0-45eb-9ef3-447f731da113
117,E07000093,Test Valley, ,434930,137329,-1.50214,51.13417,627605428.903973,190861.039845632,3775a794-b0c6-43d8-870f-3b787227bde3
118,E07000094,Winchester, ,453115,125901,-1.24393,51.03002,660970784.217972,172284.74960649,46db28dd-8ac3-464b-b81b-b5dd4dcaf68c
119,E07000095,Broxbourne, ,534742,204251,-0.05073,51.7208,51442323.4619751,39066.0781406614,097cbca8-e7a2-4ca2-b118-802b68914da6
120,E07000096,Dacorum, ,500084,208745,-0.55098,51.76845,212476384.667572,110099.851922617,7a820f0a-da17-45bc-a249-ad962d476ae6
121,E07000098,Hertsmere, ,519774,199352,-0.26899,51.68017,101128118.175667,61226.9755336206,db8a90ff-0a08-4a07-a8d8-c59b72f14439
122,E07000099,North Hertfordshire, ,522191,230255,-0.22315,51.95737,375382263.828629,168304.522402386,13f8a7f2-4c7c-4f3c-801b-808bb1815317
123,E07000102,Three Rivers, ,507313,196418,-0.45005,51.65632,88824130.6230011,74110.379284116,66d3af1c-cbb4-4ee1-9f20-4b1bd1180afc
124,E07000103,Watford, ,510441,198197,-0.40429,51.6717,21430353.2294617,26390.2208397151,955aa55d-e63b-434a-bed4-1d66a1514d05
125,E07000105,Ashford, ,597640,140644,0.823374,51.13096,580617311.897118,149444.582577307,633355d3-f492-4f54-abcd-0642e909a689
126,E07000106,Canterbury, ,616032,158096,1.096342,51.28102,308752611.633759,134480.530270857,b778b196-36c6-4a6c-a78d-dff4259a796c
127,E07000107,Dartford, ,556167,172917,0.245276,51.43373,72725607.8161087,57308.8677406833,918da092-7dc0-4bf2-bdce-0a8daa5bc4c6
128,E07000108,Dover, ,628964,150942,1.276887,51.21176,315337913.662262,148158.331321105,f431a9dd-3112-4c0a-a46b-25f1c4c7cc40
129,E07000109,Gravesham, ,566969,169114,0.398744,51.39649,98991343.5061035,60514.4099095587,677d7119-b78c-45c6-9cf8-ae9b3400333e
130,E07000110,Maidstone, ,580489,151670,0.584061,51.23566,393329500.961746,122978.78174292,4c1ff795-9ba5-47df-8e46-9f3570384b2f
131,E07000111,Sevenoaks, ,552776,155218,0.188936,51.27563,370347002.872887,134424.857442803,eccabb36-87c6-4409-b0f2-87d2aaa57bec
132,E07000112,Folkestone and Hythe, ,610318,134595,1.000795,51.07213,356921043.861404,148967.53012936,057c88ca-4cc1-472d-8c68-0d6ced964c23
133,E07000113,Swale, ,593583,161818,0.776893,51.32251,373436665.392967,347821.521691924,12d96952-af19-45ac-b251-fdfc6613bba3
134,E07000114,Thanet, ,631839,166752,1.328226,51.35252,103609162.256866,65351.0575122022,383f4dc8-8695-4cee-8f8c-b91c3ae56e21
135,E07000115,Tonbridge and Malling, ,564014,153898,0.349306,51.26064,240114170.735138,133207.598464157,c82004d2-f1d4-4d09-b4b8-50832421d6bd
136,E07000116,Tunbridge Wells, ,573139,136599,0.471632,51.10254,331328785.658195,150582.555352952,c31fe906-807a-4cc7-a617-b7ee79c865c0
137,E07000117,Burnley, ,384886,430882,-2.2308,53.77406,110683988.566406,57758.3849479255,f109e373-d811-4e5d-bc5a-5e8731cfedaf
138,E07000118,Chorley, ,359189,419724,-2.61921,53.6724,202762183.401443,114512.346233295,e174bc92-8e40-4ba1-a1b8-6cf1ff0539f3
139,E07000119,Fylde, ,339554,433811,-2.91914,53.79709,165697311.171219,138362.744300761,c6a151bd-2ce7-4638-b232-2b00b685a4b8
140,E07000120,Hyndburn, ,374407,428971,-2.38964,53.75648,73006531.9950256,42725.5895458216,45b872f1-9d77-4533-9cee-e69fec84cfec
141,E07000121,Lancaster, ,356896,464988,-2.6603,54.07901,566931388.429276,345316.924214594,b34cd59b-fcd6-4b82-8688-c151532105f2
142,E07000122,Pendle, ,387637,443368,-2.18957,53.88636,169380123.60495,79240.7874487146,bc8350f7-6ec8-42a4-a6fa-67f24a23b0c8
143,E07000123,Preston, ,352825,436432,-2.71809,53.82202,142284174.215057,82800.2153872617,d403e860-c908-460c-88eb-90c7bf202d1b
144,E07000124,Ribble Valley, ,372687,447676,-2.4174,53.9245,584462410.81546,150567.848726777,f1f29969-085c-4e01-b966-13297d445815
145,E07000125,Rossendale, ,382827,420955,-2.26149,53.68478,138040945.395981,71146.5805886302,f27c853f-75d3-4927-8200-7878c4a8754d
146,E07000126,South Ribble, ,352017,425840,-2.72871,53.72675,113141836.473007,105349.841184343,301b7986-3f15-4435-99f6-016bbf5da269
147,E07000127,West Lancashire, ,342611,413270,-2.86893,53.61283,346632972.355667,227318.107045886,5c0b6dea-8d35-4ccb-a7b0-8fdd618eef20
148,E07000128,Wyre, ,347295,445159,-2.80359,53.89991,282164343.394623,212915.423835105,9afb73c6-c7dc-4f87-927e-6d373eab9bbd
149,E07000129,Blaby, ,454385,297994,-1.19887,52.57706,130468683.748283,100814.853323911,e19c29b8-a5cd-41a9-a741-fb5ff4998dae
150,E07000130,Charnwood, ,458365,316155,-1.13694,52.7399,279042271.32692,115467.998574257,6c4806bc-38a3-4a0a-bd12-7eb1d42cad69
151,E07000131,Harborough, ,474549,293875,-0.90229,52.53766,592692009.022011,185943.110691819,0de2ffc5-671e-4291-9dc4-5f045d5e38fd
152,E07000132,Hinckley and Bosworth, ,439538,301379,-1.41755,52.60877,297351522.794861,111542.038513824,10ef85f3-d5cc-4ccf-a0f8-214768759281
153,E07000133,Melton, ,477328,323472,-0.8544,52.80329,481380450.704636,140624.572169108,857181b0-a041-4ae9-a1eb-d18378bd63d4
154,E07000134,North West Leicestershire, ,439111,316252,-1.42209,52.7425,279328099.664093,116450.135016811,b0815ff9-3272-4ff1-989a-b55c3c240938
155,E07000135,Oadby and Wigston, ,461543,299379,-1.093,52.58875,23526168.5615234,31168.1447108195,e234ddeb-3924-439c-bb18-f9bccb578776
156,E07000136,Boston, ,526851,343953,-0.11218,52.97794,364008498.02774,440526.907468072,864444c5-fdea-4242-a1bf-32db4cb80886
157,E07000137,East Lindsey, ,534861,376064,0.020516,53.26446,1766773262.65205,373174.569529616,38e532df-b015-4fea-8cd4-64a09b76cf08
158,E07000138,Lincoln, ,496347,370096,-0.55848,53.21921,35690262.1727448,32968.7309952948,931eacb9-9661-4ae9-89dd-a89113c04d38
159,E07000139,North Kesteven, ,502135,354788,-0.4767,53.08058,922471413.921478,181805.062441591,6a05be91-d6b4-4bc2-8e24-720c2fdfe071
160,E07000140,South Holland, ,532910,322928,-0.03057,52.78758,750076198.74054,438382.394964531,6d9e6532-89c5-4f08-a88e-13c85c156d09
161,E07000141,South Kesteven, ,501406,328986,-0.49565,52.84885,942585741.048859,209809.642173754,7fee9d9b-4a0f-48d7-98b1-981f7d3f51ed
162,E07000142,West Lindsey, ,499314,390326,-0.50774,53.40044,1155731948.82578,249626.336213677,ef2c72e4-aeca-485e-a957-bdd52171b4f7
163,E07000143,Breckland, ,591015,303330,0.818716,52.59421,1305116636.27957,239522.366983952,26eb0f19-8ea2-44c7-a954-0c0b3235f24f
164,E07000144,Broadland, ,619864,315909,1.252317,52.69622,552060685.638245,219123.105970655,a6be06b8-04fe-4d34-b9c4-cbd309f96bdf
165,E07000145,Great Yarmouth, ,646761,315881,1.64951,52.68439,174314084.185471,145906.026155804,bd1b8e3f-3ef8-477d-b5f5-e3d722f42dd5
166,E07000146,King's Lynn and West Norfolk, ,571219,315805,0.533243,52.71283,1439522754.61923,695935.340238749,009559f7-2e26-4983-9a7e-70bdb4bc1036
167,E07000147,North Norfolk, ,611076,330857,1.132099,52.83389,967553235.142883,600210.927417829,1d3039c0-c6b7-45a4-8aaf-c2dc7973e4a1
168,E07000148,Norwich, ,622355,309773,1.284979,52.64013,39021876.966095,52684.4387944125,b705512c-b8df-4085-9659-24ae3ba66e47
169,E07000149,South Norfolk, ,628990,295823,1.373233,52.51218,907576576.146591,266869.497485678,d5778359-10be-4199-be8d-43774ecc460c
170,E07000170,Ashfield, ,450035,355843,-1.25422,53.09747,109557954.123535,69168.0549787649,e6d47241-c335-41d7-9722-a4342d09d13d
171,E07000171,Bassetlaw, ,468073,384835,-0.9787,53.35604,637803606.42421,159728.455054285,d894ab06-df16-475c-b1d8-e772fc4c1250
172,E07000172,Broxtowe, ,449829,341893,-1.25944,52.9721,80098843.9173431,65996.6218856484,1e481755-a18f-4408-8fbe-90ff725920e4
173,E07000173,Gedling, ,459184,347811,-1.11907,53.02434,119981502.24617,69750.8310113412,3b339bb9-9d69-4e97-aa78-3415e860ceb3
174,E07000174,Mansfield, ,455047,363637,-1.17804,53.16703,76696927.4926605,51089.9016277906,54f2a37a-eaac-44c5-bb3a-5e3e1ec33ee5
175,E07000175,Newark and Sherwood, ,470624,357451,-0.94643,53.1096,651340476.370392,187413.7482207,3fefa868-08ec-4f86-bdc2-bf7e7777d3c3
176,E07000176,Rushcliffe, ,466606,335453,-1.01097,52.9124,409231546.466995,123321.322043074,3a5824a3-107c-4c2b-8adc-1337a53142dd
177,E07000177,Cherwell, ,449301,221201,-1.28506,51.8872,588745404.830795,225617.395164138,9c8a267f-7094-4737-b1c0-28cf4246fa45
178,E07000178,Oxford, ,452277,206368,-1.24405,51.75357,45602825.5069656,34993.844626057,b2f4b578-aad2-437b-a534-100454659cc9
179,E07000179,South Oxfordshire, ,463890,191964,-1.07847,51.62288,678492168.0867,205550.098477864,375494fd-01d6-4b67-8257-d85ff197ffd8
180,E07000180,Vale of White Horse, ,435693,195197,-1.48543,51.65443,578679719.457848,176033.370660927,8b2c48e4-b926-45b6-a4cc-a78781a48a5f
181,E07000181,West Oxfordshire, ,434343,215816,-1.50292,51.8399,714422037.287323,160237.256592195,d0f44708-a059-4be7-b27b-1b06765cec28
182,E07000192,Cannock Chase, ,401261,311553,-1.98277,52.70166,78882578.3519669,50125.8394489737,77fcd329-320b-4cc6-98b1-2a129b9fd3ae
183,E07000193,East Staffordshire, ,412601,326569,-1.81438,52.83651,389987122.843025,183691.288895755,a881cec3-c3ee-4542-894f-905e256fed80
184,E07000194,Lichfield, ,416283,310967,-1.76049,52.69615,331294321.205109,127463.170739768,1446378d-138a-4f0e-aeb7-de3c378081ba
185,E07000195,Newcastle-under-Lyme, ,378199,345174,-2.32631,53.00345,210957295.971909,108251.653778863,c8858d04-6b2a-400f-a75c-0c491ab1cdf4
186,E07000196,South Staffordshire, ,389625,311037,-2.15495,52.69692,407322353.328491,184884.661607311,7760fe5d-4369-47c6-bc1b-c59391d6da2a
187,E07000197,Stafford, ,389001,327836,-2.16475,52.84792,598172189.401169,159072.547255002,fb4a7ff1-ed66-4f5d-aaa6-c1ecf1b5862b
188,E07000198,Staffordshire Moorlands, ,400543,352443,-1.99334,53.06924,575849809.00811,152441.966463739,b1b2638e-1cc5-4fdf-924e-d7eaac70846c
189,E07000199,Tamworth, ,421455,302550,-1.68451,52.62031,30850724.0121002,30729.4523914775,520525d7-7b6a-4dad-9e53-1d285019bc2e
190,E07000200,Babergh, ,599987,244692,0.916149,52.0645,595116582.503052,210443.312612023,d716a3a5-4cf9-4960-981b-de1bc04c639c
191,E07000202,Ipswich, ,617161,244456,1.166145,52.05592,39509771.4361115,45341.496541064,0015220a-c1de-4224-98c7-3711c6a442c2
192,E07000203,Mid Suffolk, ,611646,262338,1.096953,52.21859,871070710.020721,191151.730303906,bccacb86-55c7-4912-a7fa-2f598c33f015
193,E07000207,Elmbridge, ,511882,163658,-0.39441,51.36098,96334273.0766754,52204.4385998147,ce02e860-161f-446b-8bed-8c6d242a8992
194,E07000208,Epsom and Ewell, ,521176,161475,-0.26172,51.33945,34079154.5370331,28503.8092975754,46f4cefc-d46b-410f-ade1-f788431b4953
195,E07000209,Guildford, ,500408,151481,-0.56257,51.25366,270931144.02079,128412.382018558,f2a1878d-2488-4d1a-a9cc-78e5dc56119c
196,E07000210,Mole Valley, ,518377,148953,-0.30603,51.22749,258321090.604195,105397.031980434,f5546748-90ac-4e83-a84f-f1f76d3c7f7c
197,E07000211,Reigate and Banstead, ,525786,152574,-0.19871,51.25846,129143817.748154,79917.0905767468,0a016530-9d9e-4be2-9698-7ed54e29aac2
198,E07000212,Runnymede, ,501777,166979,-0.53855,51.39273,78040680.6398315,45677.007524902,d127f808-8155-4916-97d5-119ea226755b
199,E07000213,Spelthorne, ,507012,169622,-0.46254,51.41552,51161350.4098892,44131.1428612105,67baaccd-4985-4ab5-9fe1-a98fa0c7978c
200,E07000214,Surrey Heath, ,491362,160483,-0.68986,51.3361,95092963.0002747,53557.764578556,ab31f3cf-032c-4747-8d1c-e7c846dead0f
201,E07000215,Tandridge, ,536365,150325,-0.04805,51.23581,248194582.980942,83131.8930481927,e2a50b05-2b0b-4d13-8e2c-4c9ccf245562
202,E07000216,Waverley, ,496363,140635,-0.62343,51.15686,345170238.491543,125428.597835176,ea63061e-fba2-426c-aa62-64d8eb1ad496
203,E07000217,Woking, ,499087,157542,-0.57982,51.30837,63603608.294426,54780.2122292832,f8c1d855-b0b9-4d84-98be-11cf575c8045
204,E07000218,North Warwickshire, ,425570,296399,-1.6242,52.56484,284261518.649086,113228.85783183,a8b2bcd0-0c53-4b20-ad3e-222bf08db815
205,E07000219,Nuneaton and Bedworth, ,435419,289352,-1.47965,52.50094,78950267.1659927,48147.0588079889,7706108d-94e4-431a-b271-8b1b60be557c
206,E07000220,Rugby, ,446498,276244,-1.31828,52.38228,353557317.712494,115087.24363392,64ec7937-d5fd-46a4-9752-c69c3e7b3db9
207,E07000221,Stratford-on-Avon, ,425019,251536,-1.63565,52.16154,977869032.994003,261369.031234585,9c393082-3e33-4b5c-aa01-476b99ae9de3
208,E07000222,Warwick, ,428484,267113,-1.58369,52.30142,282882324.589981,116714.078810518,d4e19017-58c3-463d-89a2-802a26b14b36
209,E07000223,Adur, ,518076,106472,-0.32417,50.84572,42065500.7971153,60515.2393173462,b0324eb9-9e8f-42da-bc45-77be9a3039b1
210,E07000224,Arun, ,495144,105723,-0.64999,50.84321,220991208.823517,156496.558931363,a86a9b76-c11e-4655-ac99-3c29ad258d2c
211,E07000225,Chichester, ,490285,116600,-0.7163,50.94177,786194915.21093,297267.271791169,2bbf233e-95a4-4ab3-a40c-e551642d32fe
212,E07000226,Crawley, ,526390,137581,-0.19533,51.12357,44971227.3985825,38798.5820994218,6d55b5f5-6081-4368-8429-ec315f287441
213,E07000227,Horsham, ,513674,123840,-0.38126,51.00272,530278329.223454,215754.884714148,a9f60bed-fa57-43c1-9e0d-e8a10f33e331
214,E07000228,Mid Sussex, ,533054,130623,-0.10272,51.05953,334029216.736504,132901.26791811,50baed0f-f783-4fe1-8a1f-6fa4215c741d
215,E07000229,Worthing, ,512679,104948,-0.40127,50.8331,32521006.014946,29461.7156766559,2ffd5e28-ff20-4fee-97cb-239565f1840a
216,E07000234,Bromsgrove, ,399840,273736,-2.00376,52.36169,216968441.120949,113128.333688222,72839af7-b324-4f5e-9f14-f60dca2dfe6b
217,E07000235,Malvern Hills, ,377465,252197,-2.33089,52.16758,577070951.886055,230594.571309952,f5d72635-b8ad-48fa-9a48-690292419021
218,E07000236,Redditch, ,403705,265253,-1.9471,52.28541,54250908.2603149,41300.3373143932,f2f1f322-40aa-4527-9bee-1b9f47cc3d44
219,E07000237,Worcester, ,385725,255196,-2.21025,52.19482,33278111.1236725,31261.2304343563,118fa5b1-bc4d-4605-aa8c-fc8c6298ac94
220,E07000238,Wychavon, ,398991,247839,-2.01614,52.12886,663542007.469109,219510.915753207,2cf9ee3f-3efb-421b-94b8-d6fe97c94387
221,E07000239,Wyre Forest, ,384106,276388,-2.23494,52.3853,195403730.262199,100861.152767908,4cc922bc-7b9c-4325-b001-b4f903a151c3
222,E07000240,St Albans, ,514580,209623,-0.3407,51.77356,161205788.992043,72941.6954485127,42265c96-c71d-4b34-8b06-513841672cc1
223,E07000241,Welwyn Hatfield, ,525345,208467,-0.18518,51.76087,129536962.915245,82383.3616268959,3f585326-611f-436d-b2e6-2573b14ec536
224,E07000242,East Hertfordshire, ,537995,220370,0.002739,51.86485,475669142.173576,135178.027176787,3573a4a9-4353-419f-be42-f6c482dbd447
225,E07000243,Stevenage, ,524622,224531,-0.18987,51.90539,25969247.2625275,28585.161430964,fe209e26-aa13-41aa-b9e1-c4d51f037107
226,E07000244,East Suffolk, ,636043,266272,1.456186,52.24399,1260989491.10616,584787.924048438,ebefd51f-d9f0-4795-bb34-a321000e0580
227,E07000245,West Suffolk, ,580944,271124,0.652769,52.30842,1034675737.77446,274539.879009978,8dc9aa52-c9f2-4e57-b1c9-69c1f02f2f92
228,E08000001,Bolton, ,368352,409873,-2.47952,53.58449,139792040.674789,82643.5197746864,d10a2f7a-d94b-4e2b-b86f-eb3915e2de11
229,E08000002,Bury, ,379658,410768,-2.3088,53.5931,99460098.088501,68535.7621537225,28fe678a-b0ac-434b-868e-6112eda24515
230,E08000003,Manchester, ,384591,397063,-2.23359,53.47009,115648443.590103,86841.9510631882,fbcb06a5-20f3-4070-9ba2-0b91b1146925
231,E08000004,Oldham, ,396603,406784,-2.05274,53.55768,142344867.617081,71145.2166053481,96bc36fc-8481-417d-836c-799dc56d0263
232,E08000005,Rochdale, ,390315,412326,-2.14784,53.60741,158128218.886078,82706.3709034793,7a1a728d-7ca3-40da-99ec-cfa8345afb40
233,E08000006,Salford, ,374556,398128,-2.38485,53.47927,97197259.633194,63262.7594028187,5496110f-3482-4dcb-92c0-b97b96079519
234,E08000007,Stockport, ,391806,388264,-2.12467,53.39116,126040348.490097,73631.0890907973,b9491eef-193f-4af8-bc54-8a4aa52c3350
235,E08000008,Tameside, ,394987,397995,-2.077,53.47867,103154247.722641,55973.0550571155,64c58724-9d09-4a9f-8105-1c6f95ae20d1
236,E08000009,Trafford, ,375790,391162,-2.36572,53.41671,106044604.785675,60714.9991313479,ba33e16a-9217-4819-a242-5a035367ab7c
237,E08000010,Wigan, ,362136,402125,-2.57247,53.51444,188171014.795837,88682.4116794718,55a3353b-995d-446e-8e3f-781c84299496
238,E08000011,Knowsley, ,344762,393778,-2.83297,53.43788,86500031.7274017,68163.8832839651,6674bb0b-0592-453f-9be1-1f46a39a28ee
239,E08000012,Liverpool, ,339361,390553,-2.91364,53.4083,111835593.626411,62696.5993588289,b5eb588e-f6cd-4868-b910-9b9e088e8e26
240,E08000013,St. Helens, ,353412,395992,-2.7031,53.45862,136358780.853088,76379.812216368,49dbde02-7ab8-4b39-b59a-244f6ab210c9
241,E08000014,Sefton, ,334282,398832,-2.99177,53.4821,156578258.79126,130341.257310849,ffe54bea-8135-46d7-b361-11609399140e
242,E08000015,Wirral, ,329110,386965,-3.06701,53.37478,160922004.907288,133924.121231149,c39ab04a-fc0d-42b7-b73e-caa2b08b7fdf
243,E08000016,Barnsley, ,429979,403327,-1.54925,53.52577,329077576.743942,126418.480693044,8244ce29-81d3-4b47-bf4d-32beb8dffd31
244,E08000017,Doncaster, ,459167,403735,-1.10894,53.52697,568006431.217484,171113.010006791,e91a2860-46c8-4b80-921f-a7090aa3cddc
245,E08000018,Rotherham, ,447542,388980,-1.28651,53.39553,286534378.866501,106146.658844867,5d80b6a6-97ad-4b92-8d01-b58541a32f82
246,E08000019,Sheffield, ,430511,389736,-1.54254,53.40358,367929997.213348,132824.242952116,63923d71-ed4a-4ec7-94b6-63240bf9571f
247,E08000021,Newcastle upon Tyne, ,422287,569661,-1.65297,55.021,113451801.243317,65213.8280471217,bcfb8ec4-f252-4202-ab89-0a3bcfaf52fd
248,E08000022,North Tyneside, ,431471,570602,-1.50923,55.02896,82300621.1451874,65595.8023921869,990740bf-147a-4b54-85bf-c9609048cac5
249,E08000023,South Tyneside, ,435514,564057,-1.44679,54.96988,64420334.6034393,51335.0171606378,0ac62722-f6b2-4525-9b62-f1e92ea6218f
250,E08000024,Sunderland, ,436470,551524,-1.43344,54.85719,137436290.144424,99821.9690448938,5cb410b2-3d08-42af-96b3-3dc6e3ae9f61
251,E08000025,Birmingham, ,408150,287352,-1.88141,52.48404,267791151.73967,106250.794014248,94b713a6-67fa-43ad-a6e0-28cc288d1579
252,E08000026,Coventry, ,432807,279689,-1.51908,52.41423,98639088.6562881,54052.4494128151,1d278428-b69f-41c4-9f79-353ee0ada14d
253,E08000027,Dudley, ,393191,288584,-2.10171,52.49513,97958229.5149384,75372.2907122196,7f6e3a6c-ec16-4797-93b2-cc62aabbf635
254,E08000028,Sandwell, ,399573,290764,-2.00771,52.51477,85558906.1847763,59201.6852450065,c985da37-6554-4045-b903-1c7e8b3f6a11
255,E08000029,Solihull, ,419434,281483,-1.71558,52.431,178282023.161247,101023.266819082,d6c57a22-8bcf-46b5-a90e-37878a99ff40
256,E08000030,Walsall, ,402098,300804,-1.97044,52.60503,103973530.000946,59399.7390444176,007df072-f8cb-41b8-a165-377d86266eda
257,E08000031,Wolverhampton, ,391463,300016,-2.12746,52.59788,69436685.1266327,56050.1278266087,6a46c004-525a-4d0b-8802-4504421b5079
258,E08000032,Bradford, ,408395,438626,-1.87389,53.84382,366419689.51532,135914.965732405,cc11fbe0-18f6-4b5f-9386-1fad09f14582
259,E08000033,Calderdale, ,402617,424896,-1.96182,53.72048,363960946.597305,107684.893783348,12cffb73-9678-4cd5-94ec-267e56b7cb4c
260,E08000034,Kirklees, ,414586,416223,-1.78085,53.64233,408551667.407288,125665.908370181,8668df4a-5bd5-417e-8f76-cd2231f5a991
261,E08000035,Leeds, ,432528,436384,-1.50736,53.82273,551706498.093048,161516.600530211,43a0b777-4487-44b7-891c-3dd4fabfef63
262,E08000036,Wakefield, ,438366,418235,-1.42092,53.65922,338619719.483505,109444.438663069,030a7c0a-36b4-4308-a5b5-b66fdbbf9745
263,E08000037,Gateshead, ,420158,559652,-1.68696,54.93115,142339149.241318,90175.8152669966,c00fe98c-ff5c-47dc-b220-962419b9c71e
264,E09000001,City of London, ,532381,181359,-0.09353,51.51565,2890318.44403076,9377.81467502522,5f0a227e-1cd7-407f-9dd8-9146ffa5e010
265,E09000002,Barking and Dagenham, ,547757,185111,0.129479,51.54555,36101455.4189529,40898.4282753648,b65d0c13-a820-407d-8a4b-997507106e06
266,E09000003,Barnet, ,523472,191753,-0.21821,51.61108,86748227.8831329,50815.5975177389,c9cc58fa-44c6-464c-9f2b-62e3dd4983a7
267,E09000004,Bexley, ,549202,175434,0.146212,51.45822,60578408.1245193,47931.4230818983,c18aa3ec-31ec-4851-8571-5e763e8bbe2b
268,E09000005,Brent, ,519615,186468,-0.27568,51.56441,43232684.1274872,38331.001751277,b4a1ae31-7317-472b-a26e-c2931632765b
269,E09000006,Bromley, ,542036,165708,0.039246,51.37267,150130427.159538,76141.6277070387,f631ea55-3f77-4d6e-b23d-4217b3f9465d
270,E09000007,Camden, ,527492,184284,-0.16289,51.54306,21789308.595253,26149.495598481,eceb84af-57d0-4e5f-ad0e-23521e120fc2
271,E09000008,Croydon, ,533922,164745,-0.07761,51.36598,86496808.3293228,58688.2842361555,4392d292-d680-44c9-9827-d97a574fadf8
272,E09000009,Ealing, ,517057,181960,-0.31407,51.52443,55544376.032196,47432.5829098616,749a6153-99ab-4524-a0f6-be6e0ffa2486
273,E09000010,Enfield, ,532829,196197,-0.08147,51.64888,82200174.297287,41061.1111768429,de07a001-0fb7-4343-9f9a-cc80308109ee
274,E09000011,Greenwich, ,542507,175879,0.050093,51.46394,47307031.4329834,47566.9752848355,0500380e-db86-4502-8006-efb06608e7aa
275,E09000012,Hackney, ,534560,185787,-0.06045,51.55492,19046912.9773788,25374.028868182,eb23992e-c2e9-486f-a1c9-924cfef1392a
276,E09000013,Hammersmith and Fulham, ,523867,177993,-0.21735,51.48733,16403545.8968506,23966.1399241039,bb723d27-555e-47d5-a891-4622a8f4cbd5
277,E09000014,Haringey, ,531262,189349,-0.10667,51.58771,29598417.6468964,29011.100205627,8e914298-e822-4d73-960a-c00c12162a7b
278,E09000015,Harrow, ,515356,189736,-0.33603,51.59467,50463307.3829956,33734.608106147,4b02efc7-eba8-419a-b944-40575a640a9d
279,E09000016,Havering, ,555032,187514,0.235368,51.56519,112341328.142738,63706.9860246864,64a128d6-8a62-4988-a29e-562f3ae82192
280,E09000017,Hillingdon, ,508166,183120,-0.44182,51.53663,115700600.050133,63883.1561402854,d343500f-85c1-41d3-889c-2a53f7d98ae9
281,E09000018,Hounslow, ,512742,174965,-0.37847,51.46243,55970470.8641586,64471.2436618718,53ddfa4f-e706-44f9-af37-0dff88e2b058
282,E09000019,Islington, ,531158,184647,-0.10992,51.54548,14856680.6578674,20720.1949694478,33d36f53-fdf0-4a49-8ca7-c51e08ae81ee
283,E09000020,Kensington and Chelsea, ,525757,179053,-0.18976,51.49644,12125528.5328598,20963.4584035467,c7944abc-b3fb-4122-9060-0be1c8db19de
284,E09000021,Kingston upon Thames, ,519508,167389,-0.28367,51.39296,37265392.9152222,37527.9493942753,3fd62a36-e847-407f-b057-c16391f9d2c5
285,E09000022,Lambeth, ,531117,175629,-0.11386,51.46445,26807914.5192261,33999.8604751881,ff3f7de0-684b-4c46-b174-d9eaa619eaaa
286,E09000023,Lewisham, ,537889,173344,-0.01733,51.44231,35148365.9241028,41158.0294216116,aa335468-0456-42cc-b771-91598405babb
287,E09000024,Merton, ,526069,169507,-0.18867,51.41057,37624746.5277786,32340.3771201137,426aaca1-da2c-4da8-ad15-c994458ceaa7
288,E09000025,Newham, ,540714,183344,0.027275,51.53147,36198118.0374069,35772.3133095239,0b649010-6a2c-4219-a013-47b434e58a05
289,E09000026,Redbridge, ,543512,189477,0.070085,51.58588,56403472.4249954,50426.1191048432,f3a528b5-98d3-4f67-a5de-032e032bceb2
290,E09000027,Richmond upon Thames, ,519005,172650,-0.28914,51.44035,57393447.9808273,68787.7012682714,ca966649-6070-476a-afae-93c9ea991653
291,E09000028,Southwark, ,533945,175863,-0.07309,51.46589,28876525.9301224,34570.9765509178,f13909bc-083e-4ab0-a320-d04192d29560
292,E09000029,Sutton, ,527356,163640,-0.17227,51.35756,43842789.962265,39804.2153145852,eb3f8631-35a1-4c21-8493-3951430e179b
293,E09000030,Tower Hamlets, ,536340,181452,-0.03647,51.51554,19770856.8000107,28746.8910481568,770e2254-cfd4-45c6-8d32-6a2b7ca928c8
294,E09000031,Waltham Forest, ,537327,190277,-0.01881,51.59461,38807995.9513626,33326.6907765963,a1f46cbe-7657-43b2-a010-b1507000dd71
295,E09000032,Wandsworth, ,525151,174138,-0.20023,51.4524,34257039.1979294,38789.7703657056,79e1b026-c74f-4e83-8f54-2642c3ffc3f5
296,E09000033,Westminster, ,528268,180870,-0.15295,51.5122,21477144.2528915,27425.6050038667,e7ae43e2-615c-42f3-be30-b2fe4f649e02
297,N09000001,Antrim and Newtownabbey, ,130813,541285,-6.1776,54.69386,728186534.01133,165066.961090158,279ec169-4192-47a2-a0fb-0a8c635746ea
298,N09000002,"Armagh City, Banbridge and Craigavon", ,112110,508158,-6.43455,54.3867,1437068573.07787,242954.335395177,527b6d3e-9fac-4160-9c9a-cf5faefc4c20
299,N09000003,Belfast, ,146465,529747,-5.92535,54.59853,137716652.025108,65866.7852260913,844c4fc2-3773-4cdb-98b8-951d116c41ea
300,N09000004,Causeway Coast and Glens, ,106168,581420,-6.5996,55.03962,1985534670.71793,381026.18387915,2ffc9608-1e76-4d0e-8545-671b70c5c9c7
301,N09000005,Derry City and Strabane, ,51779,559566,-7.42064,54.80904,1251241580.2269,271397.40327128,3ea56a8a-6396-4d0a-a399-9d16a1ea9907
302,N09000006,Fermanagh and Omagh, ,41233,513013,-7.5271,54.38521,3012114892.36445,426437.771573504,ecc3e22c-b522-4d12-83b7-dd1bdc8e1f38
303,N09000007,Lisburn and Castlereagh, ,138712,518920,-6.03545,54.49752,510438048.321739,167278.148593367,c9b3728c-cb98-49c0-bfbf-2fcd1f19f640
304,N09000008,Mid and East Antrim, ,133943,560151,-6.14645,54.86462,1061355460.9354,234604.730290033,4f41f2de-b195-44da-aa33-1e495a87114f
305,N09000009,Mid Ulster, ,83920,528564,-6.8889,54.55273,1957293776.36245,318306.174447411,d721734b-c39b-4c76-99bb-526772de7d08
306,N09000010,"Newry, Mourne and Down", ,133006,480432,-6.08891,54.14953,1682340596.67157,379481.25491599,2648fcc9-6a24-4513-8ca4-e65eb1e9d2f0
307,N09000011,Ards and North Down, ,164321,524944,-5.64568,54.56409,566472991.274521,203349.301102071,cde4f362-f765-4a15-8fd8-b747b3345a04
308,S12000005,Clackmannanshire, ,291178,696402,-3.75316,56.14784,159184968.76619,96933.0750418422,bcb46537-2b2b-4913-b8a9-d596905efc17
309,S12000006,Dumfries and Galloway, ,270645,579856,-4.02863,55.09621,6436567202.61006,1207330.22435929,44988d5e-e64c-49f7-a0b9-476ecf35d7ac
310,S12000008,East Ayrshire, ,255398,624935,-4.29057,55.49674,1270345623.57393,341126.501410668,1523168c-b1be-4650-a754-f2265075242a
311,S12000010,East Lothian, ,354854,672351,-2.72435,55.94207,679240459.691589,202120.828124236,aa06c0d4-beb7-4ded-b247-1681738dfee2
312,S12000011,East Renfrewshire, ,251930,653115,-4.36058,55.74868,174247286.301239,93982.4588278508,71d4c258-1778-4742-a6b6-ec124a830367
313,S12000013,Na h-Eileanan Siar, ,126473,932862,-6.65722,58.19938,3096614423.02372,3871025.95969535,c73ce76d-d475-459d-b1c8-57f8399e1dd2
314,S12000014,Falkirk, ,285585,680170,-3.83619,56.00077,297137422.788071,169016.307883955,b9dc720e-80f6-4114-8ec4-ffa78c415c12
315,S12000017,Highland, ,241018,858292,-4.66103,57.58657,26158740580.2084,5228318.65637805,dc1496d6-ec50-4065-bb64-f53ae7a8a87f
316,S12000018,Inverclyde, ,227922,670894,-4.75387,55.9003,161948610.940994,79316.9463659007,4ad594b4-d392-4196-bdca-9affe2ba60d4
317,S12000019,Midlothian, ,330088,659217,-3.11738,55.82111,355272051.807449,126464.604454531,db6004ea-d7ad-4867-8291-9545adfdd48e
318,S12000020,Moray, ,328015,843590,-3.20202,57.4768,2237555713.50238,463319.000621918,50cd1957-8575-421d-be4a-6a61b2acc669
319,S12000021,North Ayrshire, ,228996,651640,-4.7246,55.72789,885284482.723328,350191.827776382,cb975464-48a1-4da5-b802-942cb0497d5a
320,S12000023,Orkney Islands, ,348293,1006584,-2.90025,58.94334,1015036066.02127,1203102.77977173,68c65d85-e47d-402d-8ecb-7611a976f316
321,S12000026,Scottish Borders, ,345889,626137,-2.85869,55.52595,4739166535.68079,514368.510110611,c7588431-a714-4be2-88f6-4786558b8f4b
322,S12000027,Shetland Islands, ,434516,1180307,-1.37344,60.50495,1468514139.09113,2321846.76573869,0ec1edf0-ed09-411b-9c1e-5f920f182f09
323,S12000028,South Ayrshire, ,226545,596271,-4.72899,55.23008,1224367576.00628,334928.359876579,f255a70f-a56d-4359-9630-a9f20471c89d
324,S12000029,South Lanarkshire, ,284634,636071,-3.83272,55.60453,1773890203.27654,284613.8566307,c8b51d49-d6b3-4adb-bc8b-50109f14641e
325,S12000030,Stirling, ,255980,708769,-4.32595,56.24953,2252534182.27551,374959.25805914,40f19d42-a578-4219-b8fd-e064e3a22e2c
326,S12000033,Aberdeen City, ,387763,808479,-2.20398,57.16697,185571286.389832,123488.10079458,90e21b45-b5a1-4325-8dbf-186f5d231210
327,S12000034,Aberdeenshire, ,352284,816277,-2.79208,57.23469,6318005998.97935,795098.949301964,8158eb6d-a061-4a2a-868a-87e8654ae36e
328,S12000035,Argyll and Bute, ,200740,715443,-5.22114,56.28944,7005856181.79671,3795934.4124369,71ebc6e3-43c7-488b-bab2-1b1b909627e8
329,S12000036,City of Edinburgh, ,320193,669417,-3.27826,55.9112,263395003.679382,110355.561123041,f85c27ba-f90d-403e-908d-635c4a99d4b9
330,S12000038,Renfrewshire, ,239305,664698,-4.56834,55.84862,261490836.761856,131745.446686221,37ae2684-1f4d-487c-b0b0-79fd21e81e3b
331,S12000039,West Dunbartonshire, ,242904,681586,-4.52074,56.0014,177319583.18425,103710.998122334,11613fe3-9e61-43ea-aa28-aa99aa7f8091
332,S12000040,West Lothian, ,299483,668514,-3.60909,55.8992,428769481.686554,134930.310291464,4d768182-e4c3-4c06-a9c4-c4615fbe3607
333,S12000041,Angus, ,345506,759636,-2.8921,56.72518,2184982978.68718,328940.561902964,6ec75354-fbbe-4031-9e3a-421b9963e244
334,S12000042,Dundee City, ,340291,732145,-2.97095,56.4776,59800679.97612,47831.2069158876,58d20003-3cb9-44c1-bb1f-1105c8f10b54
335,S12000045,East Dunbartonshire, ,261240,676154,-4.22417,55.95829,174489033.610092,99592.6325879833,c365b7e6-5a82-44d7-9ad0-bd4a6729f542
336,S12000047,Fife, ,339187,704721,-2.98251,56.23112,1325190262.60379,358324.912814313,df3b3e51-9950-4fcc-9554-1b290a052396
337,S12000048,Perth and Kinross, ,284302,744185,-3.88484,56.57528,5383770929.93335,633248.172986055,50e9986d-88fa-4fb0-bc2a-cac7c2dcf7d6
338,S12000049,Glasgow City, ,261534,667033,-4.21479,55.87649,174622045.629852,135573.393985495,39b7c69a-68b5-4c14-89ae-d05789d36045
339,S12000050,North Lanarkshire, ,277984,665608,-3.9514,55.86814,472298223.955948,163983.319889321,638512af-330f-40eb-9ca7-e6e1ada83721
340,W06000001,Isle of Anglesey,Ynys Môn,245217,378331,-4.32298,53.27931,715212551.920387,378960.671414204,05ba0e8a-b0ce-4f4f-8870-2ee79d928e94
341,W06000002,Gwynedd,Gwynedd,280555,334966,-3.77715,52.89883,2548292895.11299,643030.305858802,a15965f9-a69a-4003-9379-729717eafc67
342,W06000003,Conwy,Conwy,283293,362563,-3.74646,53.14739,1130179030.87906,283263.119395945,fca5a8c1-78f0-4675-93e6-68f5b67e8e28
343,W06000004,Denbighshire,Sir Ddinbych,309843,355416,-3.34761,53.08833,838716213.358932,228749.239059247,68723240-645f-4148-ab2b-175248571237
344,W06000005,Flintshire,Sir y Fflint,321134,369280,-3.18248,53.21471,439830291.602989,239002.014234527,4a8705f8-3dc6-4bc3-9dfe-22ed2feb5b6a
345,W06000006,Wrexham,Wrecsam,333523,345387,-2.99203,53.00167,503773535.230103,190023.448114477,aeb07704-6b1d-4c6a-b5a9-205a17dfc940
346,W06000008,Ceredigion,Ceredigion,267127,268437,-3.94993,52.29795,1788379261.89556,382131.522913247,a55eae2c-db6c-411f-aa85-24577b8ce375
347,W06000009,Pembrokeshire,Sir Benfro,199821,221392,-4.90818,51.85513,1618344480.35981,743250.249529533,41ff34dd-de87-4336-9705-3d05e7dc9760
348,W06000010,Carmarthenshire,Sir Gaerfyrddin,247954,224133,-4.2111,51.89495,2371103809.94417,591601.78613744,5b968289-60e8-4fc1-b2f9-e7157881eeb9
349,W06000011,Swansea,Abertawe,264022,197308,-3.96723,51.65806,377614544.98658,270825.582117602,935dae45-447a-4eb7-ab0f-2b9eb8580bc7
350,W06000012,Neath Port Talbot,Castell-nedd Port Talbot,279261,195412,-3.74638,51.6445,442272629.118,182182.731934738,bc400e1a-a2b7-4136-9018-5b29a3f37eb5
351,W06000013,Bridgend,Pen-y-bont ar Ogwr,288231,185870,-3.61375,51.5606,250785314.083366,93180.2520200993,ca531a81-a117-4ffa-a7fa-c2133154604e
352,W06000014,Vale of Glamorgan,Bro Morgannwg,302947,173080,-3.39801,51.44836,331261382.621326,108400.387481918,346de1eb-a7f3-4ec5-bebb-15962a1a7ef3
353,W06000015,Cardiff,Caerdydd,315272,178887,-3.22209,51.50254,142303613.187145,79616.4688690008,3e8bc074-62c1-4e7d-b51b-a50483d07430
354,W06000016,Rhondda Cynon Taf,Rhondda Cynon Taf,302237,192395,-3.41359,51.62185,424150476.006226,130225.273793906,576323f9-e64f-4cca-9b25-8083dad431f0
355,W06000018,Caerphilly,Caerffili,317245,195259,-3.19753,51.65001,277387807.112293,116195.727849562,d8612201-c327-4b94-be81-12ba97e70947
356,W06000019,Blaenau Gwent,Blaenau Gwent,318236,206771,-3.18592,51.75364,108728046.067421,65601.5677696128,dfc16c1e-8e30-41bc-8d4a-63ed66989b79
357,W06000020,Torfaen,Torfaen,327459,200480,-3.05101,51.69836,126239929.82222,82540.0392973317,08f041aa-c174-419e-9281-17dde767553b
358,W06000021,Monmouthshire,Sir Fynwy,337812,209231,-2.9028,51.77827,850327720.788227,224909.141029611,067e4dc5-903a-4c0a-9608-1d0e06da3913
359,W06000022,Newport,Casnewydd,337897,187432,-2.89769,51.58231,190431147.336025,153213.179655943,59ef2ec1-2ef5-4b1d-a8b6-1c196fc00cf9
360,W06000023,Powys,Powys,302329,273255,-3.43531,52.34864,5195311063.63076,610076.853820174,8edab03d-3bdd-4919-8e85-099662028239
361,W06000024,Merthyr Tydfil,Merthyr Tudful,305916,206424,-3.36425,51.74858,111956970.938263,66689.0810594782,4106e861-70a2-4147-ba36-5f2de4511c70
